{
  "modules": {
    "byIdentifier": {
      "multi private-next-pages/_app.js": 0,
      "multi private-next-pages/cockpit.js": 1,
      "multi private-next-pages/dashboard.js": 2,
      "multi private-next-pages/index.js": 3,
      "multi private-next-pages/login.js": 4,
      "multi private-next-pages/signup.js": 5,
      "multi next/dist/pages/_error": 6,
      "multi next/dist/pages/_document": 7
    },
    "usedIds": {
      "0": 0,
      "1": 1,
      "2": 2,
      "3": 3,
      "4": 4,
      "5": 5,
      "6": 6,
      "7": 7
    }
  },
  "chunks": {
    "byName": {
      "static/pGnXn7dwP572cIOLcSUIZ/pages/_app.js": 0,
      "static/pGnXn7dwP572cIOLcSUIZ/pages/_document.js": 1,
      "static/pGnXn7dwP572cIOLcSUIZ/pages/_error.js": 2,
      "static/pGnXn7dwP572cIOLcSUIZ/pages/cockpit.js": 3,
      "static/pGnXn7dwP572cIOLcSUIZ/pages/dashboard.js": 4,
      "static/pGnXn7dwP572cIOLcSUIZ/pages/index.js": 5,
      "static/pGnXn7dwP572cIOLcSUIZ/pages/login.js": 6,
      "static/pGnXn7dwP572cIOLcSUIZ/pages/signup.js": 7,
      "static/0SoxztaqgI9k4XB01zHYu/pages/_app.js": 8,
      "static/0SoxztaqgI9k4XB01zHYu/pages/_document.js": 9,
      "static/0SoxztaqgI9k4XB01zHYu/pages/_error.js": 10,
      "static/0SoxztaqgI9k4XB01zHYu/pages/cockpit.js": 11,
      "static/0SoxztaqgI9k4XB01zHYu/pages/dashboard.js": 12,
      "static/0SoxztaqgI9k4XB01zHYu/pages/index.js": 13,
      "static/0SoxztaqgI9k4XB01zHYu/pages/login.js": 14,
      "static/0SoxztaqgI9k4XB01zHYu/pages/signup.js": 15
    },
    "bySource": {},
    "usedIds": [
      10,
      11,
      12,
      13,
      14,
      15,
      8,
      9
    ]
  }
}