{
  "modules": {
    "byIdentifier": {
      "multi private-next-pages/_app.js": 0,
      "multi private-next-pages/cockpit.js": 1,
      "multi private-next-pages/dashboard.js": 2,
      "multi private-next-pages/index.js": 3,
      "multi private-next-pages/login.js": 4,
      "multi private-next-pages/signup.js": 5,
      "multi next/dist/pages/_error": 6,
      "multi next/dist/pages/_document": 7
    },
    "usedIds": {
      "0": 0,
      "1": 1,
      "2": 2,
      "3": 3,
      "4": 4,
      "5": 5,
      "6": 6,
      "7": 7
    }
  },
  "chunks": {
    "byName": {
      "static/pGnXn7dwP572cIOLcSUIZ/pages/_app.js": 0,
      "static/pGnXn7dwP572cIOLcSUIZ/pages/_document.js": 1,
      "static/pGnXn7dwP572cIOLcSUIZ/pages/_error.js": 2,
      "static/pGnXn7dwP572cIOLcSUIZ/pages/cockpit.js": 3,
      "static/pGnXn7dwP572cIOLcSUIZ/pages/dashboard.js": 4,
      "static/pGnXn7dwP572cIOLcSUIZ/pages/index.js": 5,
      "static/pGnXn7dwP572cIOLcSUIZ/pages/login.js": 6,
      "static/pGnXn7dwP572cIOLcSUIZ/pages/signup.js": 7
    },
    "bySource": {},
    "usedIds": [
      0,
      1,
      2,
      3,
      4,
      5,
      6,
      7
    ]
  }
}